,cnt_test,cnt_pred
0,4993.17015059564,2857.045
1,2557.3452461227243,1818.7185
2,1155.6329512249945,1110.1326
3,1151.817037536525,1181.0421
4,1425.2908518768263,1644.5078
5,1570.2955720386603,1741.9816
6,1518.1447516295798,2037.3773
7,1576.6554281861092,2360.371
8,2224.0887839964034,2735.4004
9,4764.215329287481,3500.4998
10,4254.154866262081,3303.5886
11,2357.64576309283,2115.3345
12,1467.2659024499887,1334.5122
13,963.5652955720386,920.85895
14,603.5974376264329,697.55273
15,392.45021353113054,482.9842
16,80.81726230613617,426.68988
17,63.009665093279295,117.30347
18,9.586873454708893,-20.29248
19,-20.940436053045573,-33.262817
20,-12.036637446617192,4.0802
21,94.80894583052373,144.19354
22,814.7446617217353,629.6743
23,2799.019779725781,1644.849
24,5724.553607552259,3149.1704
25,2825.7311755450664,2044.9146
26,1323.5331535176445,1160.3324
27,1225.5913688469318,1140.5728
28,1682.2290402337603,1523.8861
29,1660.6055293324343,1674.4896
30,1635.1661047426387,1688.1809
31,1736.9238031018208,1968.8553
32,2668.0067430883346,2817.9297
33,4869.788941335131,4095.2234
34,4474.205888963812,3575.8535
35,2556.073274893234,2114.5403
36,1520.6886940885593,1398.0239
37,1108.5700157338729,1020.98596
38,819.8325466396943,785.49384
39,489.12002697235334,586.8332
40,223.27804000899073,374.83322
41,60.46572263429994,96.34906
42,94.80894583052373,34.18524
43,9.586873454708893,56.63141
44,-13.308608676107042,70.07562
45,80.81726230613617,175.68109
46,816.016632951225,704.65326
47,2732.877275792313,1766.5005
48,5699.114182962464,3148.417
49,2952.9282984940437,1772.0856
50,1483.8015284333558,1135.9894
51,1303.181613845808,1393.3469
52,1772.5389975275343,1908.4741
53,1831.0496740840638,1794.5938
54,1809.4261631827378,1900.094
55,1917.5437176893683,2162.6714
56,2531.9058215329287,2714.4946
57,4873.604855023601,4048.635
58,4425.870982243201,3852.624
59,2628.5756349741514,2437.4136
60,1539.7682625309058,1738.6792
61,1136.5533827826478,1235.1567
62,952.1175545066307,818.53265
63,581.9739267251068,643.30676
64,277.9728028770511,576.1636
65,126.60822656776804,207.30426
66,74.45740615868738,127.81085
67,-3.1328388401888105,89.10498
68,21.034614520116975,95.283936
69,80.81726230613617,201.83075
70,840.1840863115307,594.1324
71,2755.7727579231287,1520.738
72,5466.343447965835,2747.4578
73,2806.65160710272,1897.6133
74,1390.9476286806025,1196.521
75,1481.2575859743763,1264.8339
76,1987.502135311306,1715.942
77,1954.4308833445718,1944.0073
78,1875.568667116206,2390.2314
79,1979.8703079343672,2795.5469
80,2534.449763991908,3502.6428
81,4690.4409979770735,3835.1694
82,4223.627556754327,3457.5918
83,2418.700382108339,2454.0273
84,1511.7848954821307,1784.5344
85,1169.6246347493818,1284.5669
86,936.8538997527535,970.33307
87,687.5475387727579,833.31323
88,345.387278040009,720.7599
89,168.58327714093048,253.7597
90,88.44908968307482,138.83191
91,27.39447066756577,75.71411
92,7.042930995729307,74.809326
93,83.36120476511576,142.68256
94,726.9786468869409,513.2065
95,2243.1683524387504,1296.0173
96,5069.488424365026,1819.1307
97,2793.9318948078217,1782.5004
98,1593.1910541694763,2007.3348
99,1694.9487525286581,2347.662
100,2115.971229489773,2405.9116
101,2192.2895032591596,2533.7117
102,2028.2052146549786,2689.6528
103,2173.2099348168126,2886.8157
104,2898.233535625983,3269.0625
105,4452.582378062486,3264.6755
106,3595.273769386379,2678.484
107,2179.5697909642613,2205.3096
108,1359.148347943358,1518.8324
109,1037.3396268824454,1308.1552
110,987.7327489323443,1039.3245
111,832.552258934592,898.7267
112,723.1627331984715,932.6769
113,581.9739267251068,396.19424
114,361.9229040233761,184.84131
115,228.3659249269499,147.49084
116,180.03101820633844,94.05426
117,66.82557878174873,96.458984
118,110.07260058440102,200.14307
119,219.4621263205214,411.41016
120,599.7815239379636,811.7245
121,1103.4821308159137,1375.5345
122,1756.0033715441673,1961.1758
123,2302.95100022477,2566.624
124,2846.082715216902,3175.584
125,3003.8071476736345,3404.543
126,3092.845133737919,3244.525
127,3198.41874578557,3148.589
128,3225.130141604855,2958.2673
129,2799.019779725781,2805.3835
130,2043.4688694088559,2586.3179
131,1541.0402337603955,2144.1309
132,1042.4275118004045,1561.6111
133,953.3895257361205,1172.1398
134,812.2007192627557,927.9265
135,734.6104742638795,788.81445
136,688.8195100022476,794.0908
137,1109.8419869633626,529.1947
138,378.4585300067431,281.9242
139,167.31130591144074,168.3291
140,97.35288828950331,96.89581
141,63.009665093279295,88.69025
142,101.16880197797252,126.84338
143,195.29467296021573,263.3211
144,478.94425713643517,549.01953
145,1128.9215554057091,1054.5707
146,1913.7278040008991,1691.1268
147,2301.6790289952796,2173.0776
148,2556.073274893234,2308.002
149,2768.4924702180265,2148.001
150,2592.960440548438,2226.148
151,2782.484153742414,2367.894
152,2561.1611598111936,2423.5112
153,1839.9534726904922,2365.4014
154,1518.1447516295798,2043.784
155,948.3016408181613,1691.625
156,891.0629354911216,1452.8285
157,581.9739267251068,1051.8092
158,531.0950775455158,863.2722
159,180.03101820633844,768.84357
160,70.64149247021805,256.81647
161,3.2270173072599846,59.726746
162,-6.948752528658133,7.6905518
163,15.946729602157802,12.669983
164,110.07260058440102,116.001526
165,879.6151944257136,493.5079
166,3063.589795459654,1096.965
167,5597.356484603281,1856.7314
168,2650.199145875478,1558.739
169,1387.131714992133,998.5382
170,1362.9642616318274,905.471
171,1932.8073724432456,1336.013
172,1944.2551135086537,1621.1465
173,1979.8703079343672,1798.281
174,2103.2515171948753,2143.9897
175,2985.9995504607778,2827.4346
176,4872.332883794112,3762.07
177,4504.7331984715665,3260.8828
178,2529.3618790739492,2031.1978
179,1623.7183636772309,1301.8298
180,1100.9381883569342,846.31976
181,673.5558552483704,669.8866
182,453.50483254663965,613.4426
183,194.022701730726,519.79736
184,107.52865812542143,300.71252
185,63.009665093279295,148.28833
186,9.586873454708893,104.165955
187,27.39447066756577,78.44104
188,116.43245673184992,186.46887
189,1029.707799505507,882.5718
190,3419.74173971679,2326.2253
191,6221.894358282761,3067.3027
192,2810.4675207911887,1652.1543
193,1313.3573836817263,1021.0767
194,1207.783771634075,1177.8408
195,1572.8395144976398,1435.3547
196,1595.734996628456,1561.548
197,1418.9309957293774,1314.0881
198,1163.264778601933,1549.3784
199,2014.2135311305913,1919.9912
200,4511.093054619016,3036.1577
201,4326.657226342999,3250.9788
202,2350.0139357158914,2252.9019
203,1341.3407507305012,1485.3215
204,1061.5070802427513,979.0572
205,706.6271072151045,760.78455
206,373.37064508878404,681.91907
207,163.49539222297142,409.05408
208,38.842211732973624,143.57147
209,-8.22072375814787,33.880737
210,-33.66014834794339,26.451843
211,-31.116205888963805,42.682556
212,89.72106091256467,109.81561
213,917.7743313104069,548.8033
214,3338.3355810294447,1459.5654
215,6008.2031917284785,2697.584
216,2835.9069453809843,2173.5066
217,1382.043830074174,1253.0364
218,1263.750505731625,1246.8656
219,1668.237356709373,1481.3567
220,1686.0449539222298,1557.0898
221,1577.927399415599,1921.6932
222,1680.9570690042706,2119.306
223,2313.1267700606877,2476.412
224,4261.78669363902,3751.7056
225,4006.120476511576,3629.418
226,2294.047201618341,2234.3604
227,1390.9476286806025,1317.0514
228,934.3099572937739,875.6468
229,733.3385030343898,728.6099
230,424.2494942683749,537.58
231,186.39087435378735,319.32
232,88.44908968307482,151.03314
233,27.39447066756577,51.675964
234,-28.57226342998422,0.34088135
235,-8.22072375814787,-30.306091
236,84.6331759946055,40.160034
237,859.2636547538773,504.32425
238,3024.158687345471,1496.1243
239,5846.662845583277,2814.2246
240,2818.0993481681276,1880.6106
241,1276.4702180265228,1124.1948
242,1267.5664194200945,1212.5254
243,1613.5425938413127,1556.6019
244,1565.2076871207014,1776.8407
245,1547.4000899078446,1892.3656
246,1575.3834569566193,2016.9447
247,2380.541245223646,2355.6338
248,4081.1667790514725,3515.4321
249,3870.01955495617,3311.06
250,2193.561474488649,2080.585
251,1195.0640593391772,1265.167
252,738.4263879523488,887.5121
253,761.3218700831648,757.8914
254,513.287480332659,647.1284
255,260.1652056641942,493.67978
256,140.59991009215548,270.37915
257,70.64149247021805,108.41614
258,-10.764666217127456,63.514404
259,-5.676781299168283,44.169067
260,92.26500337154414,94.99243
261,724.4347044279614,469.6808
262,2605.6801528433352,1494.901
263,5219.581029444819,2831.7104
264,2716.341649808946,2010.0433
265,1324.8051247471342,1378.178
266,1298.093728927849,1485.6515
267,917.7743313104069,1646.6616
268,531.0950775455158,1140.588
269,392.45021353113054,998.3978
270,585.789840413576,962.48505
271,871.983367048775,1417.1792
272,2020.57338727804,2662.1714
273,2259.7039784221174,2371.7402
274,1506.6970105641717,1420.9553
275,832.552258934592,1027.484
276,657.0202292650034,769.1725
277,551.4466172173522,636.79987
278,518.3753652506182,599.05457
279,316.1319397617442,442.58646
280,309.7720836142953,313.88678
281,166.039334681951,180.51483
282,112.6165430433806,136.99384
283,51.56192402787144,120.67621
284,32.48235558552483,146.64618
285,73.18543492919764,204.27344
286,277.9728028770511,309.55164
287,584.5178691840863,525.95496
288,1179.8004045853,787.7956
289,1469.8098449089684,1115.5873
290,1767.4511126095754,1450.1086
291,1976.0543942458978,1799.9541
292,2164.3061362103845,2105.9248
293,2143.954596538548,2284.186
294,1941.711171049674,2253.364
295,1825.9617891661048,2133.7183
296,1538.496291301416,1861.8044
297,1177.2564621263205,1579.484
298,1160.7208361429534,1130.5518
299,893.6068779501012,872.3473
300,758.7779276241852,698.2477
301,504.38368172623063,612.3021
302,459.86468869408856,568.8655
303,359.3789615643965,493.92178
304,283.06068779501015,328.3651
305,155.86356484603277,233.08624
306,98.62485951899293,172.51147
307,23.578556979096334,132.289
308,-13.308608676107042,128.72327
309,47.74601033940212,170.4715
310,126.60822656776804,264.11816
311,394.99415599011013,418.55844
312,751.1461002472465,704.2552
313,1430.3787367947853,1103.8994
314,1795.43447965835,1565.6643
315,1841.225443919982,1804.3629
316,1818.3299617891662,1983.4604
317,1712.756349741515,1917.5878
318,1118.745785569791,1897.6338
319,373.37064508878404,1445.2388
320,616.3171499213306,1181.5007
321,707.8990784445944,1119.3691
322,580.7019554956171,907.73193
323,433.1532928748033,717.19965
324,239.81366599235787,586.31244
325,208.01438525511344,564.6289
326,132.96808271521695,516.36914
327,74.45740615868738,427.196
328,4.498988536749835,122.69171
329,-40.0200044953923,76.9375
330,-54.01168801977974,46.049866
331,-22.21240728253531,56.937317
332,75.72937738817711,102.99719
333,679.9157113958192,428.00537
334,2227.904697684873,1026.1791
335,3619.4412227466846,1918.2994
336,1931.535401213756,1901.0217
337,751.1461002472465,1048.0925
338,634.1247471341875,973.97577
339,490.39199820184314,1109.6105
340,524.735221398067,1115.835
341,444.60103394021127,1198.5823
342,585.789840413576,1299.3269
343,1011.90020229265,1743.2146
344,2572.608900876601,3194.0088
345,2254.616093504158,3000.6301
346,1131.4654978646886,1761.335
347,611.2292650033716,1063.1035
348,322.4917959091931,677.27734
349,164.76736345246127,512.06244
350,56.649808945830614,373.2366
351,-23.48437851202516,273.52814
352,-50.19577433131042,18.760376
353,-45.107889413351245,9.493103
354,-31.116205888963805,17.40149
355,-32.388177118453655,34.488464
356,78.2733198471567,104.623474
357,765.1377837716341,464.48685
358,2679.4544841537427,1375.4103
359,5251.380310182063,2633.8503
360,2422.5162957968087,1899.3453
361,983.9168352438751,1001.8596
362,926.6781299168352,997.7129
363,1174.712519667341,1147.884
364,1226.8633400764215,1158.8219
365,1092.0343897505059,1206.2058
366,1261.2065632726456,1294.2844
367,1913.7278040008991,1625.9194
368,3794.973252416273,2936.8027
369,3675.407956844235,2835.5366
370,1981.142279163857,1670.3282
371,1156.9049224544842,1119.3458
372,686.2755675432682,742.12506
373,394.99415599011013,673.2602
374,159.6794785345022,525.00977
375,40.11418296246359,371.62885
376,-18.396493594065987,124.661865
377,-42.56394695437177,73.33276
378,-50.19577433131042,7.7964478
379,-45.107889413351245,-5.5108643
380,12.13081591368848,182.55365
381,158.40750730501236,432.4328
382,860.535625983367,1200.3176
383,1983.6862216228367,2238.966
384,1460.9060463025398,1629.9937
385,655.7482580355136,762.0835
386,630.3088334457182,669.2587
387,845.2719712294897,828.8245
388,975.0130366374466,863.28845
389,908.8705327039784,1070.0178
390,1125.10564171724,1228.885
391,1744.5556304787592,1511.1797
392,3363.7750056192403,2750.915
393,3104.2928748033264,2657.2495
394,1738.1957743313105,1643.2318
395,1013.1721735221398,1076.6583
396,660.8361429534727,768.2718
397,517.1033940211283,663.9176
398,328.851652056642,604.3004
399,12.13081591368848,482.73288
400,4.498988536749835,215.66852
401,-19.66846482355595,165.03198
402,-42.56394695437177,112.07739
403,-10.764666217127456,97.87726
404,88.44908968307482,164.11072
405,707.8990784445944,537.79816
406,2614.583951449764,1203.9319
407,5379.849404360531,1724.2798
408,2605.6801528433352,1586.8936
409,1076.7707349966286,1458.2305
410,1033.5237131939762,1192.5065
411,1382.043830074174,1588.3021
412,1209.0557428635648,1573.3121
413,870.7113958192853,1461.649
414,1142.9132389300967,1747.25
415,1796.70645088784,2052.6948
416,3488.428186109238,3215.155
417,3208.594515621488,2906.0178
418,1890.8323218700832,1695.8381
419,905.0546190155092,1147.1884
420,690.0914812317375,734.93555
421,551.4466172173522,624.9319
422,453.50483254663965,559.9331
423,111.34457181389075,470.53003
424,110.07260058440102,220.23676
425,24.850528208586184,113.14783
426,-1.8608676106989606,60.494995
427,-13.308608676107042,55.428467
428,79.54529107664655,107.80298
429,718.0748482805125,388.8097
430,2426.3322094852774,1106.1562
431,4975.362553382783,1929.0317
432,2713.797707349966,1792.4677
433,1332.4369521240728,1478.4122
434,1262.4785345021353,1474.5605
435,1675.8691840863116,1643.001
436,1646.6138458080468,1751.3433
437,1566.4796583501911,1947.6307
438,1786.5306810519219,1895.7649
439,2286.415374241403,2270.2617
440,3632.1609350415824,3250.8855
441,2956.744212182513,2643.8723
442,1594.463025398966,1571.8083
443,957.2054394245898,1017.2571
444,598.5095527084738,689.6859
445,617.5891211508205,552.4511
446,505.65565295572037,514.5698
447,340.29939312204993,440.70978
448,323.76376713868285,254.42896
449,205.47044279613397,176.76361
450,140.59991009215548,132.37054
451,63.009665093279295,93.168274
452,47.74601033940212,104.302185
453,47.74601033940212,189.047
454,78.2733198471567,305.2693
455,152.04765115756345,534.1
456,205.47044279613397,848.12103
457,442.0570914812318,1137.1467
458,606.1413800854125,1318.2205
459,748.602157788267,1424.8643
460,897.4227916385705,1441.2915
461,725.7066756574511,1299.1514
462,805.8408631153068,1233.5515
463,803.2969206563273,1145.4911
464,676.09979770735,1109.2792
465,702.8111935266352,1214.3904
466,556.5345021353113,933.937
467,378.4585300067431,779.43
468,410.2578107439874,622.4629
469,337.75545066307035,586.3082
470,274.15688918858166,506.18277
471,299.5963137783772,291.86627
472,224.55001123848058,162.0307
473,155.86356484603277,85.575195
474,61.73769386378956,24.782654
475,21.034614520116975,8.379089
476,52.83389525736118,75.40515
477,131.6961114857271,214.607
478,351.7471341874579,513.06506
479,798.2090357383681,912.25586
480,1360.420319172848,1328.0033
481,1950.6149696561026,1787.6328
482,2370.3654753877277,2053.2446
483,2519.186109238031,2259.6194
484,2464.4913463699704,2254.9766
485,2402.164756124972,2178.8604
486,1972.2384805574286,1912.8845
487,1427.8347943358058,1782.3767
488,1014.4441447516296,1514.6228
489,807.1128343447966,1128.906
490,585.789840413576,892.2802
491,440.785120251742,727.44226
492,425.52146549786465,597.6598
493,295.78040008990786,514.19464
494,89.72106091256467,455.8158
495,17.218700831647652,128.90295
496,-33.66014834794339,101.14984
497,-33.66014834794339,39.931213
498,-17.124522364576364,47.213318
499,80.81726230613617,98.819275
500,742.2423016408181,462.69788
501,2166.850078669364,1102.8306
502,4556.884018880648,1608.3704
503,2528.0899078444595,1200.7386
504,1057.6911665542818,1205.5347
505,805.8408631153068,1348.1702
506,812.2007192627557,1365.4421
507,908.8705327039784,1350.914
508,866.8954821308159,1388.4456
509,1036.0676556529556,1578.5579
510,1707.668464823556,1873.6918
511,3680.495841762194,3655.9707
512,3550.754776354237,3328.5867
513,1993.8619914587548,2022.475
514,1248.4868509777477,1390.9045
515,859.2636547538773,925.9879
516,584.5178691840863,746.3347
517,288.1485727129692,664.8155
518,77.00134861766696,586.1001
519,29.938413126545242,248.84393
520,-0.588896381209338,125.33539
521,-24.756349741514896,72.661865
522,-28.57226342998422,95.99231
523,94.80894583052373,171.83954
524,844.0,611.29785
525,2856.258485052821,1458.3173
526,5622.795909193077,1966.4159
527,2828.275118004046,1402.8906
528,1181.07237581479,1250.8214
529,1036.0676556529556,1515.1714
530,1458.3621038435604,1546.0634
531,1396.0355135985615,1517.4365
532,1402.3953697460104,1520.5203
533,1478.7136435153966,1653.4434
534,2082.8999775230386,2105.6895
535,4132.045628231063,3570.2288
536,2977.095751854349,3317.1467
537,1832.3216453135537,1865.8529
538,1188.7042031917285,1190.0679
539,835.0962013935716,1014.6017
540,738.4263879523488,810.07904
541,394.99415599011013,695.83325
542,93.53697460103399,558.53345
543,60.46572263429994,210.27362
544,-20.940436053045573,92.840515
545,-27.300292200494482,57.51001
546,-24.756349741514896,70.87866
547,70.64149247021805,160.672
548,795.6650932793887,543.0216
549,2783.756124971904,1357.5009
550,5770.344571813891,1909.0178
551,2946.5684423465946,1512.2073
552,1318.4452685996853,1549.1948
553,1271.3823331085637,1644.2627
554,1551.2160035963138,1736.9292
555,1520.6886940885593,1661.4733
556,1416.3870532703977,1688.2139
557,1533.408406383457,1816.3667
558,1916.2717464598786,2314.1235
559,3609.2654529107663,2882.1572
560,2000.2218476062037,2795.143
561,1495.2492694987636,1602.2559
562,1107.298044504383,1040.3998
563,809.6567768037761,789.9877
564,668.4679703304114,664.7727
565,420.4335805799056,552.96265
566,144.4158237806248,486.8785
567,74.45740615868738,122.021484
568,14.674758372668066,51.226562
569,-4.404810069678547,31.674805
570,-24.756349741514896,27.670776
571,84.6331759946055,114.07477
572,737.1544167228591,410.1807
573,2762.132614070578,1062.2384
574,5688.938413126545,1640.6365
575,2605.6801528433352,1481.6721
576,1219.2315126994831,1523.3948
577,1078.0427062261183,1592.0311
578,1373.1400314677455,1774.1643
579,1313.3573836817263,1867.2681
580,1107.298044504383,2105.4844
581,1340.0687795010115,2222.355
582,1730.5639469543717,2458.4102
583,3296.3605304562825,2630.913
584,3436.277365700157,2269.4226
585,2006.5817037536526,1633.7473
586,1145.4571813890761,1222.5469
587,827.464374016633,870.1143
588,676.09979770735,732.1768
589,482.76017082490443,606.1361
590,186.39087435378735,528.8226
591,66.82557878174873,185.65833
592,28.666441897055506,65.0014
593,3.2270173072599846,34.371582
594,-24.756349741514896,32.608704
595,73.18543492919764,59.203857
596,645.5724881995955,258.26007
597,2385.629130141605,652.3649
598,4919.395819285233,968.07587
599,2702.3499662845584,1105.1174
600,1309.541469993257,1433.5885
601,1125.10564171724,1867.2446
602,1460.9060463025398,2123.9653
603,1552.4879748258036,2199.5693
604,1427.8347943358058,2188.5068
605,1507.9689817936614,2104.0664
606,2034.5650708024275,1883.7416
607,3452.812991683524,1726.7562
608,2793.9318948078217,1466.8315
609,1605.910766464374,1169.523
610,891.0629354911216,855.0756
611,709.1710496740841,649.2494
612,593.4216677905147,540.3369
613,560.3504158237806,446.41687
614,331.3955945156215,387.00504
615,303.4122274668465,224.5523
616,215.6462126320522,116.69403
617,92.26500337154414,78.03369
618,35.026298044504415,71.43579
619,33.75432681501468,116.6712
620,55.377837716340764,202.14789
621,247.4454933692965,328.5503
622,524.735221398067,523.172
623,1046.243425488874,811.494
624,1539.7682625309058,1176.0142
625,1959.5187682625308,1603.8932
626,2310.5828276017082,1870.9812
627,2246.9842661272196,2016.5939
628,2183.385704652731,2012.4216
629,2090.5318048999775,1952.64
630,1668.237356709373,1749.1973
631,1341.3407507305012,1248.5203
632,926.6781299168352,1165.1216
633,776.585524837042,949.89355
634,484.0321420543942,765.4203
635,247.4454933692965,612.3457
636,300.8682850078669,508.40768
637,206.7424140256237,483.73846
638,-8.22072375814787,474.14667
639,8.314902225219157,236.24548
640,1.9550460777702483,215.22498
641,-8.22072375814787,78.08435
642,-51.467745560800154,130.00543
643,-45.107889413351245,58.535156
644,-48.92380310182068,78.62756
645,75.72937738817711,119.26013
646,227.09395369746017,250.25842
647,473.85637221847605,618.8248
648,578.1580130366374,1007.8067
649,911.414475162958,1073.8645
650,1181.07237581479,1121.3484
651,1280.286131714992,1215.4161
652,1240.855023600809,1254.2656
653,1294.2778152393796,1245.24
654,1067.8669363902,1210.4055
655,978.8289503259159,1202.0028
656,869.4394245897954,1128.3033
657,685.0035963137784,1032.3931
658,526.0071926275567,862.475
659,330.12362328613165,699.84015
660,74.45740615868738,582.6417
661,41.38615419195321,524.2694
662,-9.49269498763772,280.56342
663,-37.47606203641271,123.00836
664,-56.555630478759326,118.45105
665,-64.18745785569786,47.582092
666,-40.0200044953923,109.723145
667,60.46572263429994,184.35492
668,494.2079118903124,470.79187
669,1846.3133288379413,949.98456
670,4148.58125421443,1244.0034
671,2132.50685547314,851.3944
672,857.9916835243876,1152.957
673,658.2922004944932,1412.9731
674,594.6936390200045,1207.8933
675,284.3326590244999,870.19006
676,686.2755675432682,905.37854
677,996.6365475387728,1791.7869
678,1572.8395144976398,2281.787
679,2257.1600359631375,3221.2168
680,2931.3047875927173,2536.8237
681,1515.6008091706,1532.8416
682,952.1175545066307,1066.178
683,550.1746459878625,919.73486
684,214.37424140256235,651.6075
685,98.62485951899293,670.817
686,38.842211732973624,607.3469
687,-6.948752528658133,251.91833
688,-33.66014834794339,100.173096
689,-45.107889413351245,65.029236
690,-46.379860642841095,88.872314
691,51.56192402787144,162.42773
692,685.0035963137784,423.60422
693,2538.265677680378,908.84863
694,5327.69858395145,1120.0306
695,2689.6302539896606,1201.0278
696,1186.1602607327488,1752.6593
697,916.502360080917,1889.4825
698,1174.712519667341,1750.575
699,1238.3110811418296,1707.3364
700,1197.608001798157,1374.225
701,1369.3241177792763,1817.4885
702,1888.2883794111037,2297.0916
703,3885.283209710047,2252.9316
704,3786.0694538098446,1694.5908
705,2009.125646212632,1361.6565
706,1322.2611822881547,1059.3345
707,883.431108114183,765.62854
708,650.6603731175545,670.4491
709,358.1069903349067,536.5248
710,127.88019779725778,352.22256
711,36.29826927399415,64.41736
712,5.770959766239571,3.6676025
713,-24.756349741514896,-21.826538
714,-14.580579905596778,-21.42688
715,65.55360755225888,29.817932
716,751.1461002472465,388.57306
717,2723.973477185885,1056.3632
718,5550.29354911216,1487.7195
719,2861.34636997078,1203.3644
720,1202.695886716116,1614.0
721,1065.3229939312205,1968.2551
722,1396.0355135985615,2029.4915
723,1329.8930096650934,1936.7633
724,1252.3027646662172,1967.1328
725,1487.6174421218252,1922.7676
726,1931.535401213756,2257.991
727,3885.283209710047,3241.231
728,3843.308159136885,2744.4448
729,2037.109013261407,1598.9363
730,1210.3277140930545,1018.4947
731,878.3432231962239,681.3531
732,751.1461002472465,561.2149
733,422.9775230388851,486.57022
734,135.51202517419654,430.6338
735,49.017981568891855,138.95856
736,15.946729602157802,98.847595
737,-13.308608676107042,55.92578
738,-13.308608676107042,56.71649
739,50.289952798381705,112.96936
740,751.1461002472465,306.11194
741,2601.8642391548665,649.40625
742,5626.611822881547,946.078
743,2751.9568442346595,1139.2646
744,1296.821757698359,1616.1128
745,1080.5866486850978,1874.1985
746,1439.2825354012139,2048.922
747,1299.3657001573388,2302.2073
748,1217.9595414699932,2485.438
749,1317.1732973701955,2463.1028
750,1901.0080917060013,2246.0947
751,3681.7678129916835,1907.8337
752,3521.499438075972,1543.7537
753,1880.6565520341649,1184.4738
754,1177.2564621263205,921.4054
755,833.8242301640818,705.6422
756,662.1081141829625,583.7173
757,459.86468869408856,523.05066
758,205.47044279613397,424.56125
759,107.52865812542143,125.510376
760,52.83389525736118,10.758057
761,-12.036637446617192,-44.668518
762,-12.036637446617192,-63.042664
763,63.009665093279295,-22.898071
764,583.2458979545966,190.5235
765,2346.1980220274218,530.71173
766,4907.948078219824,983.12634
767,2735.4212182512924,1329.5303
768,1332.4369521240728,1787.0605
769,1242.1269948302988,2404.901
770,1720.3881771184538,2858.918
771,1701.308608676107,3263.7896
772,1516.87278040009,3366.5303
773,1669.5093279388625,3049.8801
774,2141.4106540795683,2679.3057
775,3683.0397842211732,2193.0596
776,2853.7145425938415,1601.3551
777,1566.4796583501911,1204.7987
778,931.7660148347943,868.9243
779,621.4050348392898,599.2613
780,612.5012362328613,496.30313
781,482.76017082490443,454.1894
782,382.27444369521237,375.41617
783,331.3955945156215,147.49231
784,181.3029894358283,64.471985
785,108.80062935491117,36.973816
786,51.56192402787144,22.756104
787,32.48235558552483,51.25824
788,46.47403910991227,143.92096
789,205.47044279613397,314.79114
790,501.8397392672511,597.8081
791,1027.1638570465273,984.49097
792,1492.7053270397842,1497.1743
793,1923.9035738368173,1897.4763
794,2142.6826253090585,2115.4348
795,2188.47358957069,2055.912
796,2336.022252191504,2055.2874
797,2093.0757473589574,1951.0593
798,1898.4641492470219,1820.1306
799,1525.7765790065182,1798.6294
800,1268.8383906495842,1664.954
801,1046.243425488874,1295.4373
802,772.7696111485727,952.1247
803,526.0071926275567,617.9788
804,565.4383007417398,462.2458
805,442.0570914812318,483.36523
806,412.801753202967,391.0105
807,379.7305012362329,223.04102
808,209.2863564846033,123.38037
809,158.40750730501236,106.25897
810,33.75432681501468,51.974365
811,8.314902225219157,54.176575
812,23.578556979096334,83.979126
813,111.34457181389075,192.14807
814,328.851652056642,403.73062
815,726.9786468869409,805.85
816,1104.7541020454034,1266.5132
817,1525.7765790065182,1647.2522
818,1782.7147673634524,1751.0819
819,1717.844234659474,1925.8729
820,1794.1625084288603,2059.4268
821,1640.2539896605979,2113.0457
822,1445.6423915486625,2008.923
823,1134.0094403236683,1802.9148
824,963.5652955720386,1584.7257
825,752.4180714767364,1334.4403
826,523.4632501685771,938.05084
827,458.5927174645988,728.2545
828,400.08204090806925,600.4135
829,195.29467296021573,519.96747
830,117.70442796133966,538.3271
831,41.38615419195321,129.40186
832,-0.588896381209338,15.497437
833,-41.29197572488192,-17.959106
834,-31.116205888963805,-10.972656
835,90.9930321420544,56.150085
836,658.2922004944932,251.81573
837,2552.257361204765,642.8656
838,5382.39334681951,1453.7466
839,2722.7015059563946,2435.9634
840,1075.4987637671388,1762.7102
841,995.3645763092829,1325.7821
842,1334.9808945830523,1296.2499
843,1300.6376713868285,1398.0287
844,1146.7291526185659,1557.4691
845,1368.0521465497864,1842.7332
846,1733.1078894133511,1919.0433
847,3733.9186334007645,1778.5461
848,3517.683524387503,1451.3007
849,1969.6945380984491,1155.6313
850,1081.8586199145875,836.41425
851,770.2256686895931,594.53253
852,484.0321420543942,430.71002
853,224.55001123848058,394.16776
854,64.28163632276915,286.328
855,-17.124522364576364,-57.61969
856,-36.20409080692298,-102.1745
857,-50.19577433131042,-100.354614
858,-23.48437851202516,-32.157715
859,50.289952798381705,76.37213
860,698.9952798381659,273.78894
861,2614.583951449764,695.2452
862,5247.564396493593,1131.6399
863,2804.1076646437405,1359.5391
864,1192.5201168801977,1508.3706
865,1032.2517419644864,1866.2451
866,1294.2778152393796,1804.7747
867,1304.4535850752977,1790.3403
868,1256.1186783546864,1706.5153
869,1324.8051247471342,1790.0068
870,1846.3133288379413,2306.6672
871,3941.2499438075974,2613.0093
872,3946.3378287255564,2159.0205
873,1984.9581928523264,1343.2571
874,1155.6329512249945,883.8609
875,788.03326590245,618.7362
876,595.9656102494943,526.88196
877,284.3326590244999,484.42514
878,98.62485951899293,303.01355
879,15.946729602157802,79.27576
880,-17.124522364576364,1.4000854
881,-43.83591818386151,-19.947815
882,-29.84423465947407,6.367981
883,70.64149247021805,110.45935
884,630.3088334457182,300.09198
885,2469.57923128793,746.99713
886,5150.894583052372,1449.2245
887,2811.739492020679,2005.8256
888,1084.402562373567,1482.8607
889,952.1175545066307,1083.2769
890,1243.3989660597888,1172.3722
891,1275.1982467970329,1319.156
892,1276.4702180265228,1404.8728
893,1357.8763767138685,1514.986
894,1855.2171274443695,1880.723
895,3541.8509777478084,2665.759
896,3857.299842661272,2298.9395
897,1908.63991908294,1448.867
898,1156.9049224544842,1012.9654
899,760.049898853675,762.1354
900,683.7316250842886,659.8081
901,333.939536974601,593.77924
902,177.48707574735897,455.94305
903,37.570240503484,321.28424
904,0.6830748482806257,130.28784
905,-22.21240728253531,30.773254
906,-37.47606203641271,-4.19812
907,36.29826927399415,54.87677
908,609.9572937738817,216.81921
909,2267.3358057990563,681.626
910,5107.647561249719,1558.8132
911,2681.998426612722,2402.4712
912,1192.5201168801977,1380.7086
913,990.2766913913239,1038.7949
914,1303.181613845808,1106.7222
915,1309.541469993257,1188.8644
916,1256.1186783546864,1256.8203
917,1388.4036862216228,1358.7231
918,1756.0033715441673,1611.8962
919,3466.804675207912,2411.2385
920,3240.3937963587323,2485.6265
921,1745.827601708249,1691.6458
922,1120.0177567992807,1097.1873
923,761.3218700831648,780.30164
924,696.4513373791863,638.86237
925,481.48819959541476,582.9404
926,213.1022701730726,496.1476
927,138.055967633176,315.9323
928,47.74601033940212,151.71033
929,-13.308608676107042,85.66461
930,-14.580579905596778,47.157837
931,43.930096650932796,88.46576
932,557.8064733648011,315.6983
933,2114.6992582602834,1062.944
934,4691.712969206563,1862.3882
935,2729.0613621038437,1498.0863
936,1189.9761744212183,1192.1377
937,1098.3942458979545,1179.6317
938,1454.5461901550912,1209.1257
939,1444.3704203191728,1148.394
940,1347.7006068779501,1152.4246
941,1661.877500561924,1212.5571
942,2082.8999775230386,1640.7759
943,3429.9175095527085,2272.4148
944,2679.4544841537427,2006.1471
945,1560.1198022027422,1385.2015
946,940.6698134412227,1033.8789
947,622.6770060687795,799.5999
948,673.5558552483704,712.2773
949,550.1746459878625,696.9022
950,450.9608900876602,598.6689
951,416.6176668914363,390.7576
952,195.29467296021573,257.66125
953,125.33625533827819,189.33038
954,4.498988536749835,136.89081
955,21.034614520116975,154.57306
956,63.009665093279295,219.53003
957,178.7590469768487,320.42902
958,542.5428186109239,522.07935
959,945.7576983591819,761.9685
960,1314.629354911216,1112.9365
961,1818.3299617891662,1436.7202
962,2020.57338727804,1819.1646
963,2108.3394021128343,2023.3655
964,1861.5769835918184,2050.3403
965,1815.7860193301867,1858.1366
966,1483.8015284333558,1636.5552
967,1285.3740166329512,1468.1196
968,1200.1519442571364,1245.8718
969,905.0546190155092,1071.8612
970,655.7482580355136,810.61694
971,512.0155091031693,644.733
972,574.3420993481682,612.112
973,450.9608900876602,582.36475
974,328.851652056642,519.50806
975,272.8849179590919,313.36377
976,149.50370869858398,233.21973
977,116.43245673184992,179.742
978,37.570240503484,140.70172
979,33.75432681501468,148.98767
980,31.210384356035092,195.29474
981,74.45740615868738,294.81708
982,286.8766014834795,468.09766
983,691.3634524612272,732.465
984,1200.1519442571364,1055.3263
985,1672.0532703978422,1410.7949
986,1853.9451562148797,1672.6373
987,1988.7741065407956,1836.0576
988,1979.8703079343672,1915.0292
989,1664.4214430209036,1756.5774
990,1286.645987862441,1466.5935
991,1079.314677455608,1245.3203
992,915.2303888514273,1019.89575
993,645.5724881995955,870.4292
994,440.785120251742,693.35376
995,360.6509327938863,586.42084
996,317.40391099123406,549.2688
997,176.21510451786924,558.26935
998,56.649808945830614,469.95166
999,-9.49269498763772,175.2945
1000,-37.47606203641271,115.59027
1001,-32.388177118453655,67.78888
1002,-18.396493594065987,75.80908
1003,70.64149247021805,129.5097
1004,597.2375814789841,362.1605
1005,2360.1897055518093,1055.8167
1006,4942.291301416049,2024.2137
1007,2650.199145875478,1952.4678
1008,1047.5153967183637,1068.1838
1009,1060.2351090132613,965.13055
1010,1239.5830523713194,1152.5275
1011,1235.7671386828501,1177.976
1012,1192.5201168801977,1290.364
1013,1427.8347943358058,1263.1705
1014,1762.363227691616,1610.3284
1015,3667.776129467296,2649.7576
1016,3475.7084738143403,2626.62
1017,2117.243200719263,1616.8182
1018,1069.13890761969,1000.0385
1019,826.1924027871431,667.4942
1020,545.0867610699033,564.75085
1021,303.4122274668465,513.20276
1022,90.9930321420544,394.71518
1023,23.578556979096334,210.3219
1024,-22.21240728253531,125.66748
1025,-29.84423465947407,51.616394
1026,-18.396493594065987,68.62909
1027,65.55360755225888,152.11401
1028,751.1461002472465,513.1781
1029,2598.048325466397,1454.7532
1030,5503.230613621038,2835.873
1031,2678.1825129242525,1691.3174
1032,1154.3609799955047,896.8271
1033,1052.6032816363227,978.594
1034,1276.4702180265228,1186.6528
1035,1397.3074848280512,1267.667
1036,1211.5996853225445,1223.095
1037,1364.2362328613171,1302.9924
1038,1837.4095302315127,1601.4434
1039,3780.9815688918857,2646.9893
1040,3758.08608676107,2580.5063
1041,2124.8750280962013,1710.1091
1042,1261.2065632726456,1128.8525
1043,943.2137559002023,860.3969
1044,704.0831647561249,738.7909
1045,414.07372443245674,686.7049
1046,172.3991908293999,523.8739
1047,63.009665093279295,323.80304
1048,0.6830748482806257,167.63544
1049,-22.21240728253531,95.62189
1050,3.2270173072599846,84.37482
1051,61.73769386378956,133.92651
1052,677.3717689368398,534.4223
1053,2617.1278939087433,1389.6917
1054,5540.117779276242,2281.3184
1055,2898.233535625983,1695.0872
1056,1342.612721959991,1349.7897
1057,1258.6626208136659,1581.0577
1058,1453.2742189256014,1728.8506
1059,1525.7765790065182,1798.8647
1060,1348.9725781074399,1852.2657
1061,1521.960665318049,1927.3323
1062,2002.7657900651832,2121.9658
1063,3754.2701730726003,3078.5537
1064,3704.663295122499,3111.7412
1065,2023.1173297370196,2062.103
1066,1355.3324342548888,1437.3324
1067,949.5736120476512,1027.0288
1068,836.3681726230614,893.26166
1069,522.1912789390874,774.53467
1070,211.83029894358276,666.82825
1071,94.80894583052373,262.79608
1072,78.2733198471567,67.25171
1073,8.314902225219157,19.170105
1074,13.402787143178216,-7.2872925
1075,78.2733198471567,78.57031
1076,734.6104742638795,450.82413
1077,2603.1362103843558,1229.7023
1078,5312.434929197572,2086.0312
1079,3040.6943133288382,1707.2456
1080,1425.2908518768263,1353.141
1081,1196.3360305686672,1419.47
1082,1455.818161384581,1463.9978
1083,1235.7671386828501,1528.3435
1084,1158.176893683974,1443.8518
1085,1345.1566644189706,1547.3407
1086,1861.5769835918184,1821.9661
1087,3349.783322094853,2585.9824
1088,3366.31894807822,2536.0625
1089,2066.3643515396716,1723.1693
1090,1225.5913688469318,1218.5309
1091,939.397842211733,898.336
1092,831.2802877051023,787.4648
1093,632.8527759046976,694.4619
1094,402.62598336704883,556.10876
1095,354.2910766464374,227.94293
1096,138.055967633176,102.48999
1097,36.29826927399415,49.06305
1098,29.938413126545242,43.83081
1099,63.009665093279295,97.49475
1100,606.1413800854125,405.43332
1101,2241.8963812092607,944.89624
1102,4858.341200269723,1449.4609
1103,3090.3011912789393,1407.9246
1104,1460.9060463025398,1470.2671
1105,1286.645987862441,1655.5992
1106,1838.6815014610024,1656.5563
1107,1843.7693863789616,1717.7081
1108,1668.237356709373,1783.3625
1109,1913.7278040008991,1952.378
1110,2374.181389076197,2350.275
1111,3554.5706900427062,2622.8188
1112,2949.1123848055745,2239.8562
1113,1809.4261631827378,1621.5051
1114,1198.8799730276467,1074.0299
1115,859.2636547538773,776.4429
1116,776.585524837042,728.79285
1117,625.220948527759,689.3182
1118,593.4216677905147,630.53735
1119,512.0155091031693,389.76846
1120,304.68419869633624,202.0224
1121,178.7590469768487,168.74365
1122,64.28163632276915,134.99585
1123,46.47403910991227,134.88141
1124,54.10586648685103,198.64856
1125,194.022701730726,313.39148
1126,480.21622836592496,538.97424
1127,926.6781299168352,943.4295
1128,1342.612721959991,1275.7928
1129,1516.87278040009,1529.2615
1130,1811.970105641717,1464.627
1131,1874.296695886716,1459.7146
1132,1921.3596313778378,1827.6943
1133,1649.1577882670263,1922.3157
1134,903.7826477860193,1705.4559
1135,645.5724881995955,1576.0896
1136,679.9157113958192,1357.5193
1137,303.4122274668465,1031.1818
1138,182.57496066531803,813.38855
1139,152.04765115756345,653.8627
1140,346.6592492694988,565.4785
1141,365.73881771184534,551.8607
1142,354.2910766464374,481.82825
1143,332.6675657451113,319.17206
1144,225.82198246797032,224.95538
1145,103.71274443695211,190.8341
1146,22.306585749606597,153.92761
1147,22.306585749606597,177.95978
1148,45.20206788042253,235.08966
1149,89.72106091256467,343.81738
1150,274.15688918858166,511.95532
1151,785.4893234434704,749.5061
1152,1320.9892110586648,1042.352
1153,1720.3881771184538,1380.3093
1154,2049.8287255563046,1713.3275
1155,2231.7206113733423,1999.7574
1156,2262.247920881097,2072.3113
1157,2110.8833445718137,1993.2094
1158,1679.6850977747808,1781.9907
1159,1263.750505731625,1462.9106
1160,1088.2184760620364,1161.3461
1161,798.2090357383681,890.37976
1162,562.8943582827601,702.1577
1163,417.88963812092607,615.8891
1164,367.01078894133514,542.7684
1165,251.26140705776572,513.19495
1166,113.88851427287034,476.4533
1167,19.76264329062701,149.044
1168,-1.8608676106989606,80.76288
1169,-18.396493594065987,45.566162
1170,3.2270173072599846,54.41632
1171,80.81726230613617,122.03607
1172,688.8195100022476,436.70447
1173,2403.4367273544617,1116.334
1174,4989.35423690717,2143.94
1175,2739.2371319397616,1777.5637
1176,1046.243425488874,988.4599
1177,925.4061586873455,843.89825
1178,1155.6329512249945,1033.6873
1179,1139.0973252416275,1025.3309
1180,1008.0842886041808,1019.2926
1181,877.071251966734,1095.7162
1182,1477.4416722859069,1490.2148
1183,3482.068329961789,2821.7007
1184,3560.930546190155,2865.1426
1185,1881.9285232636548,1730.7183
1186,1061.5070802427513,1107.7723
1187,772.7696111485727,823.72363
1188,579.4299842661272,686.40466
1189,347.9312204989885,563.28046
1190,134.2400539447067,478.4246
1191,89.72106091256467,157.88757
1192,-13.308608676107042,88.674194
1193,-27.300292200494482,73.38446
1194,-14.580579905596778,111.47327
1195,85.90514722409523,186.50665
1196,715.5309058215329,552.6894
1197,2693.4461676781298,1471.8789
1198,5340.418296246347,2435.7139
1199,2576.424814565071,1624.2704
1200,1051.331310406833,883.53265
1201,800.7529781973477,1004.21594
1202,1093.3063609799956,1135.6216
1203,1192.5201168801977,1188.6262
1204,967.381209260508,1344.1035
1205,1144.1852101595864,1154.5928
1206,1664.4214430209036,1559.0427
1207,3443.909193077096,2779.7263
1208,3459.1728478309733,2919.957
1209,1991.3180489997753,1874.0303
1210,1299.3657001573388,1276.2346
1211,949.5736120476512,893.6406
1212,785.4893234434704,758.8556
1213,494.2079118903124,682.4675
1214,220.73409755001126,563.53296
1215,126.60822656776804,235.35199
1216,22.306585749606597,126.77484
1217,-14.580579905596778,80.176025
1218,4.498988536749835,74.538086
1219,93.53697460103399,140.56122
1220,669.7399415599011,515.41516
1221,2543.353562598337,1202.525
1222,5218.309058215329,2273.273
1223,2851.1706001348616,2262.5005
1224,1215.4155990110137,1319.6506
1225,1153.0890087660148,1013.6072
1226,1497.7932119577433,1188.2705
1227,1558.8478309732523,1568.8381
1228,1464.7219599910093,1729.907
1229,1594.463025398966,1997.9874
1230,1859.033041132839,2300.745
1231,3658.872330860868,3306.3577
1232,3621.985165205664,3064.4507
1233,2076.54012137559,1923.5403
1234,1234.4951674533604,1106.3796
1235,883.431108114183,748.0449
1236,816.016632951225,619.2767
1237,524.735221398067,559.09106
1238,314.85996853225447,468.11774
1239,183.84693189480777,278.21252
1240,118.97639919082951,112.822876
1241,10.858844684198743,73.56494
1242,8.314902225219157,67.78137
1243,74.45740615868738,142.4693
1244,655.7482580355136,408.67395
1245,2458.131490222522,923.67303
1246,5264.1000224769605,1559.7511
1247,2974.5518093953697,1647.7914
1248,1259.9345920431558,1178.1439
1249,1233.2231962238707,1111.0863
1250,1455.818161384581,1172.6329
1251,1483.8015284333558,1186.7485
1252,1327.3490672061137,1225.2839
1253,1486.3454708923355,1314.9395
1254,1856.4890986738592,1684.1104
1255,3339.6075522589344,2640.3633
1256,3156.4436952124074,2361.3354
1257,1843.7693863789616,1483.0613
1258,1167.0806922904023,1003.71246
1259,844.0,742.24915
1260,775.3135536075523,638.1131
1261,754.9620139357158,641.45917
1262,472.58440098898626,626.277
1263,354.2910766464374,281.3841
1264,215.6462126320522,162.6206
1265,68.09755001123847,126.88757
1266,40.11418296246359,107.27307
1267,60.46572263429994,164.86652
1268,556.5345021353113,388.05692
1269,2028.2052146549786,769.18005
1270,4614.1227242076875,1341.1523
1271,2893.1456507080243,1810.4045
1272,1217.9595414699932,1226.1848
1273,1333.7089233535626,1006.5
1274,1692.4048100696787,1160.2216
1275,1655.5176444144752,1132.9546
1276,1438.0105641717241,1200.8577
1277,1668.237356709373,1256.4647
1278,2011.6695886716116,1588.4219
1279,3230.218026522814,2519.5022
1280,2702.3499662845584,2273.7607
1281,1652.9737019554955,1558.1594
1282,1146.7291526185659,1098.8499
1283,770.2256686895931,868.0587
1284,788.03326590245,772.47327
1285,706.6271072151045,768.0541
1286,515.8314227916386,749.32947
1287,481.48819959541476,419.2708
1288,360.6509327938863,246.69507
1289,176.21510451786924,195.15631
1290,101.16880197797252,156.2721
1291,46.47403910991227,183.75647
1292,75.72937738817711,245.52039
1293,214.37424140256235,399.9851
1294,416.6176668914363,561.074
1295,863.0795684423466,804.94653
1296,1229.4072825354012,1081.399
1297,1434.1946504832547,1323.346
1298,1792.8905371993706,1399.7948
1299,1702.5805799055968,1471.2283
1300,1775.0829399865138,1356.9373
1301,1670.7812991683522,1235.628
1302,1558.8478309732523,1261.1976
1303,1332.4369521240728,1200.1699
1304,1120.0177567992807,1101.9376
1305,968.6531804899978,980.3998
1306,798.2090357383681,816.4027
1307,498.0238255787817,694.5161
1308,553.9905596763317,679.7715
1309,424.2494942683749,694.3552
1310,394.99415599011013,641.6767
1311,314.85996853225447,399.2843
1312,295.78040008990786,265.11035
1313,141.87188132164533,191.46313
1314,75.72937738817711,141.03345
1315,27.39447066756577,138.69025
1316,24.850528208586184,180.04388
1317,108.80062935491117,267.95135
1318,258.89323443470437,448.8208
1319,599.7815239379636,726.76624
1320,1002.9964036862216,1002.5731
1321,1394.7635423690717,1229.0217
1322,1616.0865363002922,1374.5884
1323,1614.8145650708025,1482.5665
1324,1707.668464823556,1530.304
1325,1637.7100472016182,1428.6348
1326,1426.562823106316,1394.5073
1327,1072.9548213081591,1282.0369
1328,1048.7873679478535,1143.1483
1329,733.3385030343898,1027.6788
1330,573.0701281186783,791.5892
1331,477.6722859069454,647.784
1332,396.2661272195999,594.6482
1333,280.51674533603057,549.36005
1334,157.13553607552262,552.9343
1335,85.90514722409523,226.66797
1336,-5.676781299168283,121.67078
1337,-13.308608676107042,64.33917
1338,-8.22072375814787,81.36487
1339,49.017981568891855,121.696045
1340,548.9026747583727,390.27063
1341,1988.7741065407956,912.6344
1342,4302.489772982693,1439.8838
1343,2379.269273994156,1694.9746
1344,1174.712519667341,1259.9529
1345,941.9417846707125,795.17126
1346,1078.0427062261183,729.9321
1347,1140.3692964711172,767.2704
1348,1155.6329512249945,933.3644
1349,1265.022476961115,1049.5809
1350,1675.8691840863116,1519.6475
1351,3292.544616767813,2792.8
1352,2950.384356035064,2596.0132
1353,1558.8478309732523,1555.7356
1354,991.5486626208137,1005.30725
1355,622.6770060687795,664.888
1356,480.21622836592496,524.7963
1357,308.50011238480556,470.31543
1358,157.13553607552262,468.2863
1359,102.44077320746226,160.07751
1360,3.2270173072599846,79.70911
1361,-20.940436053045573,59.569824
1362,-3.1328388401888105,69.63776
1363,65.55360755225888,132.68073
1364,547.6307035288828,312.06543
1365,2035.8370420319172,667.4724
1366,4536.53247920881,1038.6116
1367,2487.3868285007866,1266.9119
1368,1144.1852101595864,1497.658
1369,1071.6828500786694,1635.0869
1370,1542.3122049898852,1704.13
1371,1506.6970105641717,1279.4219
1372,1426.562823106316,1441.2854
1373,1389.6756574511128,1356.2241
1374,1645.341874578557,1637.011
1375,3214.954371768937,2363.0232
1376,2848.6266576758826,1998.5352
1377,1571.56754326815,1240.5414
1378,931.7660148347943,855.0118
1379,669.7399415599011,642.35254
1380,555.2625309058216,519.67163
1381,381.0024724657226,499.9593
1382,159.6794785345022,439.70218
1383,75.72937738817711,108.54285
1384,21.034614520116975,54.924805
1385,-6.948752528658133,29.981934
1386,-20.940436053045573,52.40094
1387,42.658125421442946,118.25354
1388,430.6093504158238,304.07983
1389,1623.7183636772309,603.0567
1390,3800.0611373342326,879.7593
1391,2175.7538772757925,1079.3152
1392,1066.5949651607102,1325.0173
1393,1057.6911665542818,1314.4629
1394,1348.9725781074399,1225.1465
1395,1411.2991683524388,1108.6871
1396,1374.4120026972355,1374.3103
1397,1350.2445493369296,1496.4749
1398,1777.6268824454933,1693.6885
1399,3125.916385704653,1908.1779
1400,2519.186109238031,1664.1348
1401,1519.4167228590695,1367.0095
1402,926.6781299168352,1092.8132
1403,735.8824454933693,843.0902
1404,620.1330636097999,718.6928
1405,477.6722859069454,685.5034
1406,260.1652056641942,547.4475
1407,131.6961114857271,150.5528
1408,69.3695212407282,55.975647
1409,-3.1328388401888105,23.589111
1410,-3.1328388401888105,0.7944946
1411,46.47403910991227,56.13806
1412,388.6342998426613,354.2994
1413,1370.5960890087658,708.68243
1414,3117.0125870982242,1031.4849
1415,1970.9665093279389,1150.6503
1416,1099.6662171274443,1130.1951
1417,1164.5367498314229,1322.956
1418,1565.2076871207014,1682.9706
1419,1595.734996628456,2076.1743
1420,1570.2955720386603,2248.4756
1421,1510.512924252641,2136.9658
1422,1850.1292425264105,2230.5654
1423,2465.7633175994606,2144.268
1424,1983.6862216228367,1760.3793
1425,1148.0011238480556,1275.8234
1426,774.0415823780625,1001.5613
1427,547.6307035288828,726.3363
1428,513.287480332659,560.5704
1429,345.387278040009,529.05566
1430,225.82198246797032,436.67126
1431,130.42414025623737,143.35822
1432,41.38615419195321,83.74359
1433,27.39447066756577,48.97345
1434,0.6830748482806257,52.44055
1435,50.289952798381705,89.534
1436,255.07732074623516,259.31317
1437,771.497639919083,576.5769
1438,1927.7194875252867,846.71826
1439,1389.6756574511128,1122.9653
1440,899.96673409755,1606.5942
1441,997.9085187682625,1756.3811
1442,1337.5248370420318,1896.3058
1443,1468.5378736794787,2076.0002
1444,1468.5378736794787,1947.8977
1445,1441.8264778601933,1756.323
1446,1217.9595414699932,1591.147
1447,950.8455832771409,1449.2795
1448,509.4715666441897,1259.1599
1449,331.3955945156215,1050.3169
1450,274.15688918858166,937.1504
1451,286.8766014834795,875.3277
1452,288.1485727129692,733.01855
1453,219.4621263205214,580.5088
1454,120.24837042031913,448.9483
1455,73.18543492919764,242.33142
1456,51.56192402787144,158.55408
1457,9.586873454708893,88.39465
1458,15.946729602157802,55.21167
1459,-14.580579905596778,73.00018
1460,-8.22072375814787,129.84009
1461,77.00134861766696,221.77527
1462,232.18183861541922,411.2802
1463,412.801753202967,694.2034
1464,588.3337828725556,1038.7926
1465,818.5605754102046,1412.7556
1466,814.7446617217353,1617.603
1467,809.6567768037761,1797.7065
1468,793.1211508204091,1835.0844
1469,849.0878849179591,1678.3009
1470,631.5808046752079,1559.9673
1471,447.14497639919085,1455.2292
1472,325.0357383681726,1287.2871
1473,283.06068779501015,1090.453
1474,277.9728028770511,863.4466
1475,201.65452910766464,685.621
1476,215.6462126320522,652.03656
1477,195.29467296021573,616.41516
1478,187.6628455832772,547.33374
1479,305.9561699258261,315.92358
1480,98.62485951899293,233.02039
1481,52.83389525736118,139.2461
1482,17.218700831647652,71.25104
1483,-12.036637446617192,69.32257
1484,42.658125421442946,123.77283
1485,143.14385255113507,209.32428
1486,384.81838615419196,384.30508
1487,980.1009215554056,653.871
1488,2194.833445718139,969.8489
1489,3475.7084738143403,1166.4967
1490,4586.139357158912,1327.8743
1491,4741.319847156665,1622.3665
1492,5010.977747808496,1712.2454
1493,4643.378062485952,1758.4802
1494,4460.214205439424,1700.2141
1495,3539.307035288829,1563.7341
1496,2849.898628905372,1458.3452
1497,2212.6410429309954,1304.6094
1498,1775.0829399865138,1138.4412
1499,1299.3657001573388,910.33167
1500,1050.0593391773432,855.8333
1501,766.4097550011238,724.4882
1502,396.2661272195999,585.16345
1503,233.45380984490896,283.87738
1504,46.47403910991227,123.2771
1505,-22.21240728253531,92.677
1506,-17.124522364576364,120.849
1507,-33.66014834794339,102.089355
1508,22.306585749606597,153.17334
1509,122.79231287929872,280.56775
1510,258.89323443470437,441.86975
1511,643.0285457406159,716.47974
1512,1075.4987637671388,1107.5742
1513,1270.110361879074,1397.2471
1514,1371.8680602382558,1523.8245
1515,1305.7255563047877,1643.533
1516,1368.0521465497864,1686.0933
1517,1188.7042031917285,1628.5696
1518,910.1425039334682,1467.2725
1519,665.9240278714318,1293.5829
1520,504.38368172623063,1123.7124
1521,394.99415599011013,934.2637
1522,360.6509327938863,703.2404
1523,218.19015509103167,587.8662
1524,295.78040008990786,465.56873
1525,174.94313328837939,384.0145
1526,54.10586648685103,280.59015
1527,56.649808945830614,31.494812
1528,1.9550460777702483,-4.1588135
1529,-13.308608676107042,15.065735
1530,-43.83591818386151,-29.981445
1531,-32.388177118453655,5.1654053
1532,7.042930995729307,69.40051
1533,75.72937738817711,174.76093
1534,154.59159361654304,289.2072
1535,480.21622836592496,451.49866
1536,831.2802877051023,680.078
1537,968.6531804899978,946.41583
1538,1116.2018431108113,1249.0614
1539,1408.7552258934593,1576.5377
1540,1394.7635423690717,1686.3594
1541,1289.1899303214204,1659.0159
1542,1004.2683749157114,1500.8821
1543,747.3301865587773,1235.7549
1544,693.9073949202068,988.4355
1545,584.5178691840863,804.86487
1546,389.90627107215107,683.558
1547,344.1153068105192,575.75793
1548,299.5963137783772,518.6959
1549,162.22342099348168,477.21817
1550,49.017981568891855,377.62228
1551,19.76264329062701,171.5376
1552,-38.748033265902336,72.158936
1553,-41.29197572488192,37.23456
1554,-34.93211957743313,10.741333
1555,17.218700831647652,59.11328
1556,115.16048550236007,143.96582
1557,387.3623286131715,351.8625
1558,875.7992807372443,552.2318
1559,799.481006967858,651.50037
1560,857.9916835243876,760.0902
1561,959.7493818835694,910.0965
1562,1172.1685772083615,1064.3943
1563,1100.9381883569342,1199.1583
1564,1132.7374690941783,1138.9067
1565,1161.9928073724432,1146.533
1566,1294.2778152393796,1232.3027
1567,1299.3657001573388,1208.0312
1568,1006.8123173746909,1009.21643
1569,641.7565745111261,799.43726
1570,450.9608900876602,666.65405
1571,326.30770959766244,540.32153
1572,266.5250618116431,484.45068
1573,172.3991908293999,483.24533
1574,90.9930321420544,432.85492
1575,24.850528208586184,171.26385
1576,-9.49269498763772,119.88019
1577,1.9550460777702483,69.903564
1578,-43.83591818386151,48.69922
1579,-8.22072375814787,73.452576
1580,125.33625533827819,154.56488
1581,424.2494942683749,328.71118
1582,894.8788491795909,502.50504
1583,873.2553382782647,677.82495
1584,833.8242301640818,826.2062
1585,1080.5866486850978,1062.5005
1586,1351.5165205664193,1359.8765
1587,1407.4832546639695,1688.7789
1588,1496.5212407282536,1877.0321
1589,1575.3834569566193,1990.657
1590,1464.7219599910093,1633.2949
1591,1375.6839739267252,1222.14
1592,1041.1555405709148,1035.7026
1593,751.1461002472465,903.26996
1594,495.4798831198022,753.0527
1595,314.85996853225447,572.36096
1596,276.70083164756124,477.84714
1597,219.4621263205214,478.49518
1598,79.54529107664655,381.195
1599,42.658125421442946,216.69366
1600,-6.948752528658133,125.78027
1601,-10.764666217127456,68.40106
1602,-38.748033265902336,43.893433
1603,7.042930995729307,62.815063
1604,102.44077320746226,143.4895
1605,360.6509327938863,298.48157
1606,784.2173522139807,514.7581
1607,805.8408631153068,696.78375
1608,688.8195100022476,943.94653
1609,982.6448640143852,1165.6221
1610,1037.3396268824454,1249.4348
1611,1174.712519667341,1222.8674
1612,1175.9844908968307,1166.4441
1613,1217.9595414699932,1131.4719
1614,1066.5949651607102,1117.4016
1615,972.4690941784671,1095.6907
1616,781.6734097550011,1036.3086
1617,537.4549336929647,874.3001
1618,391.17824230164086,718.4809
1619,243.6295796808272,562.1382
1620,289.42054394245895,488.78394
1621,210.55832771409302,495.49658
1622,110.07260058440102,458.6191
1623,80.81726230613617,252.36719
1624,32.48235558552483,203.4043
1625,-13.308608676107042,138.30054
1626,-12.036637446617192,108.260864
1627,-14.580579905596778,120.78107
1628,-10.764666217127456,169.5951
1629,42.658125421442946,234.07318
1630,192.75073050123626,348.37115
1631,402.62598336704883,457.25836
1632,740.9703304113284,632.16284
1633,972.4690941784671,874.0923
1634,1121.2897280287705,993.8976
1635,1249.7588222072377,1116.3446
1636,1128.9215554057091,1216.2415
1637,1148.0011238480556,1277.6304
1638,940.6698134412227,1336.2982
1639,905.0546190155092,1262.0096
1640,621.4050348392898,1165.7628
1641,551.4466172173522,1014.194
1642,515.8314227916386,854.8739
1643,527.2791638570466,691.33496
1644,671.0119127893909,576.4101
1645,810.928748033266,531.0285
1646,1111.1139581928524,443.76193
1647,1062.779051472241,434.45602
1648,355.56304787592717,203.21234
1649,283.06068779501015,69.939575
1650,159.6794785345022,1.9094849
1651,113.88851427287034,-39.838684
1652,54.10586648685103,-71.894104
1653,22.306585749606597,-10.520996
1654,37.570240503484,133.23871
1655,129.15216902674763,290.02075
1656,321.21982467970327,422.19415
1657,504.38368172623063,825.8947
1658,719.3468195100022,1165.0264
1659,570.5261856596987,1369.978
1660,92.26500337154414,1141.5377
1661,136.78399640368627,790.02747
1662,112.6165430433806,658.443
1663,116.43245673184992,654.59784
1664,102.44077320746226,578.3541
1665,97.35288828950331,471.45828
1666,71.91346369970779,399.60397
1667,64.28163632276915,356.98196
1668,75.72937738817711,330.76733
1669,37.570240503484,436.6147
1670,31.210384356035092,415.15836
1671,3.2270173072599846,189.8266
1672,-23.48437851202516,289.27948
1673,-46.379860642841095,236.9859
1674,-52.739716790290004,260.49817
1675,-31.116205888963805,279.1634
1676,5.770959766239571,349.29974
1677,65.55360755225888,430.12302
1678,182.57496066531803,533.5764
1679,447.14497639919085,668.96985
1680,774.0415823780625,845.99133
1681,1223.0474263879523,1037.7971
1682,1535.9523488424365,1255.7512
1683,1598.2789390874354,1455.2771
1684,1857.761069903349,1571.1523
1685,1641.5259608900878,1538.523
1686,1159.4488649134637,1323.189
1687,837.6401438525511,1090.5261
1688,679.9157113958192,844.6477
1689,475.12834344796585,649.4614
1690,349.2031917284783,561.0735
1691,220.73409755001126,500.67053
1692,180.03101820633844,442.614
1693,108.80062935491117,444.74265
1694,4.498988536749835,417.5353
1695,-13.308608676107042,186.86896
1696,-20.940436053045573,208.04352
1697,-62.91548662620812,144.01404
1698,-37.47606203641271,121.16919
1699,29.938413126545242,145.54413
1700,476.4003146774556,450.44232
1701,1714.0283209710046,1431.8362
1702,3618.169251517195,2724.565
1703,1650.429759496516,1151.2358
1704,765.1377837716341,675.64404
1705,733.3385030343898,744.4198
1706,973.7410654079569,874.68915
1707,1041.1555405709148,898.97577
1708,897.4227916385705,935.9162
1709,999.1804899977524,969.05396
1710,1452.0022476961115,1364.1697
1711,3412.1099123398517,2468.1934
1712,2748.1409305461902,2113.2593
1713,1249.7588222072377,1117.9509
1714,612.5012362328613,768.73267
1715,353.0191054169476,544.76355
1716,209.2863564846033,461.1478
1717,101.16880197797252,438.84323
